Source IP, Source Port, Destination IP, Destination Port, Protocol, Flow Duration, Flow packets, Forward Packets, Backward Packets, Flow Bytes/s, Flow Packets/s, Flow IAT Mean, Flow IAT Std, Flow IAT Max, Flow IAT Min,Fwd IAT Mean, Fwd IAT Std, Fwd IAT Max, Fwd IAT Min,Bwd IAT Mean, Bwd IAT Std, Bwd IAT Max, Bwd IAT Min,Active Mean, Active Std, Active Max, Active Min,Idle Mean, Idle Std, Idle Max, Idle Min
198.52.200.39,443,10.0.2.15,55139,6,14972426,191,98,93,5722.6530957641735,12.756783703589518,78802.2421052631,552863.3084119202,7064503.0,6.0,154354.90721649484,771857.3806468135,7102042.0,6.0,162741.72826086954,788643.1030490521,7064552.0,33.0,612088.0,706790.6510891326,1390229.0,9885.0,3632686.333333333,3052447.5506087462,7064503.0,1220781.0
198.52.200.39,443,10.0.2.15,55139,6,14986212,1085,593,492,27058.73905961026,72.39988330606828,13824.918819188184,26322.176213663188,322891.0,11.0,25314.54729729729,33236.946532381764,323184.0,11.0,30512.64154786156,36405.2930096181,323250.0,74.0,0,0,0,0,0,0,0,0
198.52.200.39,443,10.0.2.15,55139,6,14997318,1052,592,460,25731.867524580062,70.14587541585769,14269.569933396784,19947.389703766108,125231.0,11.0,25376.172588832484,22284.49802146029,125541.0,11.0,32570.071895424808,24343.441748865524,125495.0,51.0,0,0,0,0,0,0,0,0
198.52.200.39,443,10.0.2.15,55139,6,14981453,1205,675,530,28427.68321604053,80.43278579187212,12443.06727574749,16503.84140168875,99800.0,13.0,22227.675074183993,17874.816114551682,99800.0,20.0,28197.20604914933,20227.18563594609,121824.0,228.0,0,0,0,0,0,0,0,0
198.52.200.39,443,10.0.2.15,55139,6,14998825,1280,711,569,30873.418417776058,85.34001830143362,11726.993745113381,15073.45185452231,95522.0,11.0,21125.105633802796,16852.995083599777,96513.0,25.0,26405.746478873236,17298.78903610042,127945.0,86.0,0,0,0,0,0,0,0,0
198.52.200.39,443,10.0.2.15,55139,6,14974840,1131,635,496,26879.08518555123,75.52668342366262,13252.070796460186,17377.134251733736,96390.0,17.0,23619.621451104103,18939.770922974974,96652.0,17.0,30243.74747474746,21063.655466374832,105876.0,364.0,0,0,0,0,0,0,0,0
198.52.200.39,443,10.0.2.15,55139,6,14997933,1139,637,502,26626.269099881963,75.9437983887513,13179.202987697718,17791.65915412504,105956.0,10.0,23581.655660377357,19512.964039954317,105956.0,17.0,29875.4131736527,20327.764814138976,123367.0,343.0,0,0,0,0,0,0,0,0
198.52.200.39,443,10.0.2.15,55139,6,14948521,1100,614,486,26175.231650007383,73.585875151127,13601.92993630573,18715.066819683394,105447.0,10.0,24385.841761827065,21773.515574431654,105726.0,10.0,30759.85360824742,23035.530781681908,134729.0,311.0,0,0,0,0,0,0,0,0
198.52.200.39,443,10.0.2.15,55139,6,14994309,929,522,407,22782.97719488107,61.95683975833765,16157.660560344824,22044.23862193465,113121.0,16.0,28779.863723608447,25544.43295376646,113486.0,16.0,36906.034482758616,28215.30942764182,120769.0,240.0,0,0,0,0,0,0,0,0
198.52.200.39,443,10.0.2.15,55139,6,14966407,980,550,430,23634.7307673779,65.47997792656581,15287.443309499491,20786.508243292566,122609.0,16.0,27261.214936247714,23460.1883319488,122849.0,16.0,34711.80652680653,25548.526179712822,122760.0,312.0,0,0,0,0,0,0,0,0
198.52.200.39,443,10.0.2.15,55139,6,14993209,994,554,440,23790.43739068801,66.29668138421869,15098.901309164143,20325.787093445433,134032.0,25.0,27112.493670886066,22738.462881996224,134171.0,25.0,34003.27790432806,24225.68743614189,134213.0,410.0,0,0,0,0,0,0,0,0
198.52.200.39,443,10.0.2.15,55139,6,14919041,816,458,358,20713.59680558556,54.69520460463913,18305.571779141115,24393.54699207325,121136.0,14.0,32645.603938730903,27692.754394430463,121373.0,21.0,41788.92156862742,30043.06423622093,147318.0,496.0,0,0,0,0,0,0,0,0
198.52.200.39,443,10.0.2.15,55139,6,14931647,898,494,404,21559.17562208643,60.140719908527174,16646.206243032328,23062.314361836237,122228.0,19.0,30287.316430020288,26760.93384372614,122676.0,21.0,37044.39205955336,28545.13028757207,139765.0,442.0,0,0,0,0,0,0,0,0
198.52.200.39,443,10.0.2.15,55139,6,14955639,758,421,337,19117.20388543746,50.68322389969429,19756.458388375187,25238.770316935617,113378.0,24.0,35608.18809523807,28562.269926780395,114235.0,31.0,44376.23809523811,29983.957518454994,121601.0,554.0,0,0,0,0,0,0,0,0
198.52.200.39,443,10.0.2.15,55139,6,14988300,779,437,342,19538.773576723175,51.973872954237635,19265.16709511567,25413.127343408578,120721.0,7.0,34376.83486238535,28893.616574182684,121134.0,7.0,43914.0175953079,30311.46287559399,121837.0,258.0,0,0,0,0,0,0,0,0
198.52.200.39,443,10.0.2.15,55139,6,14936065,799,439,360,19949.297221189117,53.49467881935436,18716.873433583965,25066.685685987126,124753.0,25.0,34100.605022831085,28535.64114542511,125005.0,25.0,41603.64902506962,31914.759190701945,124952.0,241.0,0,0,0,0,0,0,0,0
198.52.200.39,443,10.0.2.15,55139,6,14996026,927,518,409,22336.184266418317,61.81637721887118,16194.412526997827,21558.567096254148,116844.0,8.0,29005.852998065755,24874.388624282536,117013.0,25.0,36722.64215686277,26821.256832832496,123099.0,419.0,0,0,0,0,0,0,0,0
198.52.200.39,443,10.0.2.15,55139,6,14959886,1021,574,447,24443.568620776925,68.24918318227826,14666.554901960792,20364.096602829864,126260.0,11.0,26108.003490401377,22735.102788895994,126496.0,11.0,33406.40134529146,24111.754956385128,126470.0,272.0,0,0,0,0,0,0,0,0
198.52.200.39,443,10.0.2.15,55139,6,14993159,819,457,362,19320.07791019891,54.62491260180726,18329.045232273824,24152.546275605386,121732.0,15.0,32879.73464912282,27232.854096141702,122017.0,15.0,41429.27146814408,29670.628263551785,127076.0,377.0,0,0,0,0,0,0,0,0
198.52.200.39,443,10.0.2.15,55139,6,14979910,1134,628,506,25390.673241695044,75.70138939419529,13221.456310679596,17215.575165943395,94728.0,0.0,23891.403508771953,19038.754785379617,99216.0,0.0,29614.24158415843,19947.05857401069,118170.0,442.0,0,0,0,0,0,0,0,0
198.52.200.39,443,10.0.2.15,55139,6,14989884,837,462,375,20478.010370193657,55.837656915824034,17930.48325358851,24628.402529944255,118725.0,17.0,32516.017353579144,27791.97585759718,118989.0,20.0,39844.601604278076,28854.172159541118,118982.0,328.0,0,0,0,0,0,0,0,0
198.52.200.39,443,10.0.2.15,55139,6,14967706,933,501,432,18547.264357009684,62.334201379957626,16059.77038626608,21416.98501204819,181230.0,16.0,29935.412000000004,22007.046119369494,181230.0,16.0,34679.5684454756,21748.23026639879,218088.0,932.0,0,0,0,0,0,0,0,0
198.52.200.39,443,10.0.2.15,55139,6,13814447,269,148,121,6268.075732600806,19.472368311232437,51546.44402985072,561328.620181736,9198425.0,20.0,93975.82993197281,756561.6352075777,9198759.0,55.0,114713.94166666668,836524.7390029103,9198425.0,361.0,4615750.0,0.0,4615750.0,4615750.0,9198425.0,0.0,9198425.0,9198425.0
198.52.200.39,443,10.0.2.15,55139,6,14042012,516,267,249,17628.243018165773,36.74687074758233,27266.04271844661,182522.92771549206,3808271.0,14.0,52789.51879699247,252296.68331461717,3809523.0,18.0,56618.34274193551,262050.99175386014,3808271.0,53.0,5505954.0,0.0,5505954.0,5505954.0,3808271.0,0.0,3808271.0,3808271.0
198.52.200.39,443,10.0.2.15,55139,6,14988578,693,379,314,15923.59195115107,46.235206568628456,21659.794797687846,73326.04196065887,1200106.0,12.0,39652.322751322725,97501.62350604561,1200106.0,12.0,44039.95527156554,83627.85601039547,1192668.0,79.0,822317.5,1162566.279764083,1644376.0,259.0,1196353.0,5307.543499586226,1200106.0,1192600.0
198.52.200.39,443,10.0.2.15,55139,6,14982294,1029,577,452,23992.520771518703,68.68107113636937,14574.215953307394,19565.818752377443,121750.0,16.0,26010.92708333334,21315.286796954275,121899.0,16.0,33080.17073170731,23995.217641941053,121912.0,287.0,0,0,0,0,0,0,0,0
198.52.200.39,443,10.0.2.15,55139,6,14999415,1044,573,471,23317.376044332395,69.60271450586572,14381.030680728662,20074.872339954443,133637.0,18.0,26155.04370629372,22733.58191831999,133637.0,22.0,31846.274468085114,23429.662983069127,133991.0,253.0,0,0,0,0,0,0,0,0
198.52.200.39,443,10.0.2.15,55139,6,14985700,986,544,442,23364.741053137324,65.79605890949372,15213.908629441628,21470.26749783605,126976.0,16.0,27597.97421731125,25026.474960482825,133883.0,16.0,33816.21995464853,25139.074894911406,127188.0,99.0,0,0,0,0,0,0,0,0
198.52.200.39,443,10.0.2.15,55139,6,14997295,869,483,386,20543.771393441286,57.94378252878269,17277.989631336415,23150.889721877644,122096.0,4.0,31114.71991701244,25666.471978996753,122322.0,4.0,38928.34805194806,28545.348742603914,133434.0,278.0,0,0,0,0,0,0,0,0
198.52.200.39,443,10.0.2.15,55139,6,14937327,827,460,367,19914.874997380724,55.36465794716819,18083.93099273609,24410.747023765216,125571.0,11.0,32543.196078431367,28130.997784241772,125639.0,11.0,40712.07377049183,30302.957835874076,126924.0,215.0,0,0,0,0,0,0,0,0
198.52.200.39,443,10.0.2.15,55139,6,14979985,786,437,349,19045.14590635438,52.47001248666137,19082.783439490446,24945.01997105039,121118.0,10.0,34357.76376146788,28462.03410872336,142276.0,10.0,42936.63505747126,28479.264531708144,121352.0,498.0,0,0,0,0,0,0,0,0
198.52.200.39,443,10.0.2.15,55139,6,14987518,834,468,366,20063.56222557998,55.64630514538832,17992.21848739495,24258.457074837326,106581.0,6.0,32093.18629550322,27215.989680739673,127737.0,6.0,40979.39178082192,29938.850980734635,122235.0,423.0,0,0,0,0,0,0,0,0
198.52.200.39,443,10.0.2.15,55139,6,14987934,746,417,329,18975.597303804516,49.77337103299227,20118.032214765095,26049.472752110363,122380.0,21.0,36028.68749999999,28931.457772665144,122641.0,21.0,45559.359756097554,31551.752969012356,122595.0,162.0,0,0,0,0,0,0,0,0
198.52.200.39,443,10.0.2.15,55139,6,14998823,1103,610,493,23150.483207915713,73.53910370167046,13610.54718693284,18182.577765963248,123460.0,18.0,24628.60919540232,19053.97489262707,123693.0,410.0,30400.79674796749,20490.75779222284,123592.0,498.0,0,0,0,0,0,0,0,0
198.52.200.39,443,10.0.2.15,55139,6,14939794,805,449,356,19152.6737249523,53.88293841267156,18581.833333333318,24160.28195312256,115125.0,16.0,33347.754464285696,28059.450853563758,125313.0,25.0,42075.208450704224,29617.02765438693,122246.0,372.0,0,0,0,0,0,0,0,0
198.52.200.39,443,10.0.2.15,55139,6,14993026,1045,579,466,23745.039860532488,69.69907208858305,14361.136015325666,19017.35459831896,108521.0,16.0,25939.491349480988,21381.583512329616,108667.0,16.0,32189.761290322556,23102.682771634427,126213.0,236.0,0,0,0,0,0,0,0,0
198.52.200.39,443,10.0.2.15,55139,6,14995655,768,426,342,18299.634127352223,51.21483523060513,19551.04954367667,24862.622409784857,115636.0,13.0,35283.89411764709,27896.485781765652,115636.0,16.0,43890.21700879765,30036.67539427431,122224.0,419.0,0,0,0,0,0,0,0,0
198.52.200.39,443,10.0.2.15,55139,6,14979140,830,462,368,20381.677452777665,55.41039071669001,18068.92641737033,24486.563993807697,126782.0,14.0,32492.711496746215,27866.42156020274,126930.0,14.0,40708.80653950953,29980.604956460887,148639.0,181.0,0,0,0,0,0,0,0,0
198.52.200.39,443,10.0.2.15,55139,6,14988717,893,489,404,20925.606908183003,59.57814801627117,16803.494394618836,22472.754281423422,119658.0,9.0,30714.584016393455,25234.03479131289,119897.0,9.0,37160.08933002482,27212.30063377673,119831.0,405.0,0,0,0,0,0,0,0,0
198.52.200.39,443,10.0.2.15,55139,6,14968876,835,464,371,19840.434245029486,55.78241145160131,17948.292565947235,24372.755500406798,118486.0,11.0,32330.18574514037,27305.29656198077,118691.0,26.0,40354.3243243243,30359.989040236072,142817.0,359.0,0,0,0,0,0,0,0,0
198.52.200.39,443,10.0.2.15,55139,6,14992787,874,486,388,20998.163983787672,58.29469864408799,17173.868270332197,23969.319403840305,169138.0,10.0,30912.962886597954,26639.41585504069,169138.0,10.0,38655.93540051679,30308.9526592214,169440.0,215.0,0,0,0,0,0,0,0,0
198.52.200.39,443,10.0.2.15,55139,6,14999641,891,489,402,20851.499045877164,59.4014216740254,16853.529213483158,22210.585358066648,120404.0,20.0,30736.969262295082,24993.777915427396,120544.0,39.0,37309.655860349114,27999.02570110739,122787.0,360.0,0,0,0,0,0,0,0,0
198.52.200.39,443,10.0.2.15,55139,6,14971937,908,510,398,22189.380038134008,60.64679540128976,16507.097023153216,22658.340368076588,121011.0,10.0,29414.414538310408,25964.731902539137,121307.0,10.0,37613.23677581868,28483.00412773844,152923.0,158.0,0,0,0,0,0,0,0,0
198.52.200.39,443,10.0.2.15,55139,6,14990592,856,475,381,20202.404281298564,57.10248134296498,17532.85614035089,23511.54888468712,118176.0,7.0,31625.72151898736,26597.14697178182,118388.0,35.0,39093.328947368434,28354.814161844228,122483.0,171.0,0,0,0,0,0,0,0,0
198.52.200.39,443,10.0.2.15,55139,6,14976992,905,507,398,22251.93149599065,60.4260187893537,16567.46902654868,23070.00838655787,138642.0,0.0,29598.798418972343,26260.2384210723,138642.0,0.0,37521.55919395466,29469.00476454498,163873.0,101.0,0,0,0,0,0,0,0,0
198.52.200.39,443,10.0.2.15,55139,6,14991065,927,518,409,22557.57012593835,61.83683414086991,16189.055075593955,22546.099843898002,124938.0,11.0,28996.257253384912,25529.679727067436,129375.0,28.0,36734.470588235294,27257.88163112335,135225.0,119.0,0,0,0,0,0,0,0,0
198.52.200.39,443,10.0.2.15,55139,6,14975318,882,486,396,20823.931752233908,58.89691290695797,16998.090805902382,23385.92223079788,118785.0,20.0,30876.9443298969,26994.062987657217,118785.0,20.0,37835.22025316453,28603.721225902274,142182.0,442.0,0,0,0,0,0,0,0,0
198.52.200.39,443,10.0.2.15,55139,6,14906502,882,485,397,21311.035949279045,59.16881103293046,16919.979568671955,23927.601411142154,125639.0,26.0,30798.557851239668,27728.827583100086,125802.0,31.0,37641.73232323235,28384.953474079124,125777.0,397.0,0,0,0,0,0,0,0,0
198.52.200.39,443,10.0.2.15,55139,6,14988192,791,438,353,19096.099115890695,52.774877717072215,18972.3949367089,25763.857531499376,140145.0,8.0,34297.92219679642,29598.052718590556,140297.0,36.0,42417.08238636367,30510.506416213742,140386.0,108.0,0,0,0,0,0,0,0,0
198.52.200.39,443,10.0.2.15,55139,6,14988788,819,452,367,19457.610581989684,54.64084220818921,18323.701711491467,26131.318393278394,151779.0,26.0,33234.563192904665,30199.510317330536,151929.0,42.0,40871.480874316934,30496.285862126962,151984.0,330.0,0,0,0,0,0,0,0,0
198.52.200.39,443,10.0.2.15,55139,6,14985557,962,536,426,22176.085947289113,64.1951446983252,15593.71175858481,20374.014495623396,121530.0,5.0,28010.38691588784,22094.399269167097,121617.0,5.0,35123.329411764666,23780.89216751007,122856.0,170.0,0,0,0,0,0,0,0,0
198.52.200.39,443,10.0.2.15,55139,6,14987880,873,492,381,20976.54905163372,58.247063627410945,17187.935779816482,23537.07223467879,122125.0,22.0,30524.75560081467,26047.256898414154,122426.0,22.0,39357.49736842106,27255.817389696233,124245.0,259.0,0,0,0,0,0,0,0,0
198.52.200.39,443,10.0.2.15,55139,6,14993812,765,424,341,18299.94933910069,51.02104788295331,19625.408376963358,26138.958559541723,127449.0,17.0,35446.3640661938,29494.829305056846,127660.0,17.0,43666.3882352941,30569.195835156017,127669.0,82.0,0,0,0,0,0,0,0,0
198.52.200.39,443,10.0.2.15,55139,6,14967131,773,427,346,17420.8403734824,51.646504597307256,19387.475388601022,25800.10578861401,151291.0,7.0,35134.11032863843,29187.425285872476,151411.0,29.0,43187.544927536255,31686.182298346557,151402.0,358.0,0,0,0,0,0,0,0,0
198.52.200.39,443,10.0.2.15,55139,6,14973241,746,415,331,18349.73470339521,49.82221283955825,20098.310067114115,26362.54933489255,153534.0,20.0,36167.24879227051,30428.866598561664,153750.0,20.0,45058.18787878788,30520.069570143794,153746.0,296.0,0,0,0,0,0,0,0,0
198.52.200.39,443,10.0.2.15,55139,6,14994217,727,410,317,18127.522097352597,48.48535938888973,20653.1914600551,28113.838964599454,121900.0,16.0,36660.2469437653,32034.696688231743,122066.0,19.0,47081.22468354428,32581.942355843614,123874.0,97.0,0,0,0,0,0,0,0,0
198.52.200.39,443,10.0.2.15,55139,6,14997719,831,455,376,19912.828077389637,55.408425774612795,18069.540963855423,25206.58036143775,120898.0,6.0,33034.62334801767,28532.21073292693,121069.0,28.0,39891.55733333335,32217.84631376902,122493.0,24.0,0,0,0,0,0,0,0,0
198.52.200.39,443,10.0.2.15,55139,6,14982074,866,485,381,20856.591684168692,57.80241106805373,17320.31676300576,22853.357853641162,104143.0,14.0,30954.69834710743,25703.627974745057,104143.0,22.0,39399.71052631583,28029.86634181937,121899.0,54.0,0,0,0,0,0,0,0,0
198.52.200.39,443,10.0.2.15,55139,6,14927637,885,495,390,21602.950286103554,59.28600755765966,16886.467194570134,23070.542742285266,116020.0,25.0,30217.888663967624,25533.6936283421,116254.0,25.0,38312.66323907452,28619.773530918133,121212.0,161.0,0,0,0,0,0,0,0,0
198.52.200.39,443,10.0.2.15,55139,6,14964779,779,430,349,18652.330248244896,52.05556326625338,19234.93444730077,25162.914725078885,122521.0,19.0,34882.93473193476,28652.4395188888,122788.0,21.0,42999.804597701106,30618.248794206946,161419.0,76.0,0,0,0,0,0,0,0,0
198.52.200.39,443,10.0.2.15,55139,6,14988155,742,415,327,17973.059392566996,49.505759714921545,20226.929824561394,26533.03395291273,122202.0,12.0,36203.27294685991,29937.931546755215,122438.0,20.0,45890.46932515338,31404.083043167066,137210.0,325.0,0,0,0,0,0,0,0,0
198.52.200.39,443,10.0.2.15,55139,6,14938722,772,438,334,19096.345724888648,51.677780736531545,19375.774319066135,26177.267179420534,131823.0,28.0,34184.71853546912,28998.743773344122,131977.0,152.0,44711.30630630629,32311.002317217633,138935.0,185.0,0,0,0,0,0,0,0,0
198.52.200.39,443,10.0.2.15,55139,6,14983620,758,421,337,18298.849009785354,50.588576058389094,19793.421400264237,25845.708971232074,129087.0,21.0,35675.285714285725,29631.984631512332,129087.0,54.0,44316.15773809525,30442.27282513772,143325.0,291.0,0,0,0,0,0,0,0,0
198.52.200.39,443,10.0.2.15,55139,6,14988829,787,436,351,18950.379646068413,52.50576946337836,19069.756997455454,25710.008675960114,121566.0,18.0,34457.078160919504,29079.8195930667,121866.0,43.0,42745.119999999995,31563.274473551104,149996.0,357.0,0,0,0,0,0,0,0,0
198.52.200.39,443,10.0.2.15,55139,6,14977462,847,469,378,20500.469305146627,56.55163738689506,17703.855791962214,24706.804651992614,124771.0,7.0,32003.12393162396,28484.990390515795,124871.0,11.0,39645.79840848812,30291.581589499336,124954.0,275.0,0,0,0,0,0,0,0,0
198.52.200.39,443,10.0.2.15,55139,6,14975406,840,468,372,19982.63018712147,56.0919683913745,17849.113230035768,23702.592449981756,118596.0,8.0,32067.250535331877,26188.86422874431,118596.0,8.0,40364.110512129344,28391.384020626276,122627.0,210.0,0,0,0,0,0,0,0,0
198.52.200.39,443,10.0.2.15,55139,6,14984168,786,438,348,19074.132110638373,52.45536488912831,19088.11210191084,25044.942992042565,122699.0,11.0,34288.713958810054,27720.860343876237,123006.0,32.0,43109.247838616706,30256.018256951582,123560.0,373.0,0,0,0,0,0,0,0,0
198.52.200.39,443,10.0.2.15,55139,6,14999183,720,402,318,15914.800159448685,48.00261454240541,20861.17246175242,27509.12537966374,146177.0,13.0,37404.446384039904,30581.148452727266,146407.0,16.0,47280.44479495268,32375.891189350998,146397.0,390.0,0,0,0,0,0,0,0,0
198.52.200.39,443,10.0.2.15,55139,6,14960186,991,548,443,22275.190963534813,66.24249190484663,15111.29898989899,21276.807179290106,123200.0,18.0,27349.517367458862,23632.057226248024,123200.0,133.0,33787.54751131223,25965.309300297107,136484.0,421.0,0,0,0,0,0,0,0,0
198.52.200.39,443,10.0.2.15,55139,6,14971445,703,395,308,16710.6782277863,46.95605534402324,21326.84472934476,28380.84869192105,143351.0,18.0,37998.591370558366,31036.037974149527,143804.0,18.0,48761.46905537459,34431.88586201114,143351.0,425.0,0,0,0,0,0,0,0,0
198.52.200.39,443,10.0.2.15,55139,6,14964440,676,381,295,15971.46301498753,45.17375859036489,22169.540740740733,29331.378593754063,128786.0,17.0,39380.10526315785,32797.632667150916,136429.0,20.0,50763.78571428572,32563.814190704976,142932.0,547.0,0,0,0,0,0,0,0,0
198.52.200.39,443,10.0.2.15,55139,6,14926799,718,398,320,17030.84499228535,48.10140472850207,20818.408647140863,26594.665314001984,125782.0,21.0,37598.98992443327,30162.057522989064,125782.0,38.0,46556.974921630135,30780.837770616406,129269.0,277.0,0,0,0,0,0,0,0,0
198.52.200.39,443,10.0.2.15,55139,6,14973058,945,529,416,23092.410381366317,63.11336000969207,15861.29025423732,22257.259514431644,148402.0,9.0,28358.06439393939,25414.30012310527,148402.0,9.0,36068.631325301205,28584.47547312869,149044.0,378.0,0,0,0,0,0,0,0,0
198.52.200.39,443,10.0.2.15,55139,6,14989863,778,432,346,18535.659732180342,51.90174186381824,19291.97297297295,26086.207396348353,121580.0,12.0,34693.2505800464,29767.98799971234,121852.0,17.0,43337.55942028986,30967.821387177297,121740.0,253.0,0,0,0,0,0,0,0,0
198.52.200.39,443,10.0.2.15,55139,6,14975257,890,497,393,21446.242959302803,59.431367354830705,16845.05849268839,23060.505935203702,130431.0,18.0,30192.050403225803,26447.966606979793,130720.0,19.0,37836.20408163266,28073.047769857105,130591.0,212.0,0,0,0,0,0,0,0,0
198.52.200.39,443,10.0.2.15,55139,6,14976693,951,529,422,22625.154965785838,63.49866422447199,15764.940000000008,21635.330895272295,146168.0,10.0,28364.94886363637,24194.681709498578,146168.0,11.0,35526.28028503562,27011.061510096297,151796.0,213.0,0,0,0,0,0,0,0,0
198.52.200.39,443,10.0.2.15,55139,6,14971799,831,463,368,19826.875848386688,55.50435188182796,18038.312048192794,23900.312938939256,123901.0,13.0,32406.491341991357,26741.976590449194,123901.0,16.0,40743.36784741145,29780.51350049876,132171.0,345.0,0,0,0,0,0,0,0,0
198.52.200.39,443,10.0.2.15,55139,6,14984698,778,430,348,18465.17026903045,51.919631613530015,19285.325611325577,25619.79401562122,126662.0,40.0,34929.36596736595,28792.52075989896,135326.0,40.0,43179.16138328528,31793.477186155607,134847.0,158.0,0,0,0,0,0,0,0,0
198.52.200.39,443,10.0.2.15,55139,6,14969221,871,485,386,20698.939510613145,58.186060583914156,17206.001149425323,23628.729561328346,127426.0,26.0,30850.19214876035,26750.215751887423,127850.0,26.0,38802.012987013004,29070.091606723036,127426.0,297.0,0,0,0,0,0,0,0,0
198.52.200.39,443,10.0.2.15,55139,6,14990544,839,468,371,20305.333815770795,55.96861594882748,17888.477326968954,23868.523356352536,122234.0,31.0,32099.66595289081,27497.332677506067,122492.0,31.0,40320.34864864866,28543.571372919203,127198.0,362.0,0,0,0,0,0,0,0,0
198.52.200.39,443,10.0.2.15,55139,6,14974034,789,443,346,19281.310567346114,52.69121200072072,19002.581218274125,25345.667994926185,129670.0,18.0,33877.51357466065,28510.316146951693,129670.0,18.0,43352.65507246381,29989.627924537355,132740.0,410.0,0,0,0,0,0,0,0,0
198.52.200.39,443,10.0.2.15,55139,6,14953458,918,514,404,21785.529474185838,61.390482388755835,16306.933478735007,22304.5478101245,135615.0,16.0,29149.04093567251,25563.90103381487,135756.0,16.0,37094.409429280386,28238.919718083915,135933.0,329.0,0,0,0,0,0,0,0,0
198.52.200.39,443,10.0.2.15,55139,6,14976869,864,480,384,20137.319756218738,57.68896022259392,17354.425260718443,23177.159603457483,151940.0,19.0,31266.949895615846,26516.228379591543,152275.0,31.0,39061.51436031335,28984.03748326997,152077.0,279.0,0,0,0,0,0,0,0,0
198.52.200.39,443,10.0.2.15,55139,6,14886748,758,423,335,18114.97044216776,50.91776928043653,19665.453104359265,25614.828333403213,119885.0,0.0,35276.654028436016,28359.312517986855,119885.0,0.0,44380.79940119762,29848.58993161293,147168.0,406.0,0,0,0,0,0,0,0,0
198.52.200.39,443,10.0.2.15,55139,6,14968633,965,534,431,22448.743315438358,64.4681448199044,15527.627593360998,20973.961848376184,115251.0,13.0,28083.57598499058,24051.047248710875,115498.0,15.0,34710.20465116276,24492.53391915307,121979.0,420.0,0,0,0,0,0,0,0,0
198.52.200.39,443,10.0.2.15,55139,6,14983975,767,426,341,18517.783165014625,51.18801920051255,19561.325065274144,25443.227026903667,126624.0,24.0,35256.411764705874,28846.243142008618,126794.0,24.0,43963.6029411765,29844.72439791666,126762.0,357.0,0,0,0,0,0,0,0,0
198.52.200.39,443,10.0.2.15,55139,6,14937567,785,432,353,18888.885987925612,52.552065540526115,19053.01913265306,26082.746940214533,128632.0,11.0,34657.92807424592,29135.072400992816,128769.0,11.0,42430.88920454544,31823.026519255487,128860.0,219.0,0,0,0,0,0,0,0,0
198.52.200.39,443,10.0.2.15,55139,6,14953412,686,387,299,16064.694800089772,45.87581750573047,21829.798540145966,28546.471565492495,166807.0,16.0,38739.40932642484,31314.857187252055,166807.0,22.0,50053.32550335566,32719.480216858094,176564.0,226.0,0,0,0,0,0,0,0,0
198.52.200.39,443,10.0.2.15,55139,6,14979191,771,435,336,18823.379713897768,51.47140456383793,19453.494805194794,25144.90926527695,113943.0,10.0,34514.264976958526,27913.549996551763,113943.0,10.0,44593.080597014894,30625.6054413488,121918.0,239.0,0,0,0,0,0,0,0,0
198.52.200.39,443,10.0.2.15,55139,6,14967434,745,420,325,18518.872373180333,49.77473092582202,20117.518817204284,24973.34277341032,138055.0,28.0,35721.79952267307,27503.491625973595,138055.0,333.0,46175.69135802469,31659.163122442507,140894.0,191.0,0,0,0,0,0,0,0,0
198.52.200.39,443,10.0.2.15,55139,6,14916949,759,424,335,18495.672271856663,50.88171850691452,19679.352242744077,26865.709186945096,141172.0,40.0,35264.654846335674,30642.857952029604,141407.0,44.0,44575.14071856287,32564.274545117834,141425.0,269.0,0,0,0,0,0,0,0,0
198.52.200.39,443,10.0.2.15,55139,6,14991367,808,447,361,19642.57162138716,53.897686581884095,18576.66294919455,24990.07038816342,124548.0,12.0,33530.41031390136,28006.14762744318,124690.0,27.0,41455.35,30367.431922550713,124753.0,402.0,0,0,0,0,0,0,0,0
198.52.200.39,443,10.0.2.15,55139,6,14978873,883,491,392,21130.2946490033,58.94969534757388,16982.849206349216,22693.55080110823,121280.0,15.0,30569.12857142857,26327.663404900915,121529.0,20.0,38043.65473145778,26875.316410702155,126788.0,370.0,0,0,0,0,0,0,0,0
198.52.200.39,443,10.0.2.15,55139,6,14950371,734,405,329,17945.842280435714,49.09577160325988,20396.140518417476,26849.217102346127,152148.0,37.0,37005.868811881184,29765.58273357166,152363.0,37.0,45579.99999999998,32792.14857062092,152272.0,369.0,0,0,0,0,0,0,0,0
198.52.200.39,443,10.0.2.15,55139,6,14999085,763,425,338,18217.244585253036,50.86976972261975,19683.83858267717,25434.037917521888,122084.0,40.0,35375.2004716981,28617.61429444011,122413.0,40.0,44187.53709198814,29109.767873178178,126456.0,435.0,0,0,0,0,0,0,0,0
198.52.200.39,443,10.0.2.15,55139,6,14970577,735,403,332,17497.989556447956,49.09630403691187,20395.881471389668,25910.238180307868,116327.0,17.0,37240.24129353235,29978.32218988722,116562.0,17.0,45167.77643504533,29753.162866118044,135912.0,259.0,0,0,0,0,0,0,0,0
198.52.200.39,443,10.0.2.15,55139,6,14987846,869,484,385,20440.895909925952,57.980312848157105,17267.103686635925,22916.764256577404,119053.0,35.0,31030.73706004139,26031.54354826866,119982.0,241.0,38759.82812499999,27701.542972298477,124411.0,507.0,0,0,0,0,0,0,0,0
198.52.200.39,443,10.0.2.15,55139,6,14983624,780,431,349,18823.08312061221,52.05683217891746,19234.43388960207,25223.17156782692,121938.0,18.0,34754.553488372076,28546.65783859018,122080.0,26.0,42990.49425287356,29673.631514322697,122178.0,273.0,0,0,0,0,0,0,0,0
198.52.200.39,443,10.0.2.15,55139,6,14930623,881,490,391,20924.57896766933,59.00624508434778,16966.617045454517,23316.836696987357,126235.0,15.0,30532.971370143125,26538.908766326014,126467.0,15.0,38082.53333333334,28124.62155929643,150092.0,318.0,0,0,0,0,0,0,0,0
198.52.200.39,443,10.0.2.15,55139,6,14973639,790,441,349,18797.434611586403,52.75938601164353,18977.996197718643,25715.018123710848,131971.0,16.0,34030.99772727273,28826.07045615214,132125.0,16.0,42838.37643678161,30402.028990271727,132215.0,482.0,0,0,0,0,0,0,0,0
198.52.200.39,443,10.0.2.15,55139,6,14991259,892,489,403,20868.427394923936,59.50134008090982,16825.20650953983,22759.241236735306,116911.0,16.0,30719.793032786893,25637.35345820743,117019.0,25.0,37199.967661691524,27340.512234837348,128010.0,69.0,0,0,0,0,0,0,0,0
198.52.200.39,443,10.0.2.15,55139,6,14971292,791,433,358,17936.795301300648,52.834451428774486,18951.00253164555,25487.38010921141,120227.0,16.0,34655.768518518526,28933.38554670974,136695.0,16.0,41805.568627451,30770.765304335844,122509.0,69.0,0,0,0,0,0,0,0,0
198.52.200.39,443,10.0.2.15,55139,6,14972416,1069,594,475,22668.08509728824,71.3979627603187,14019.116104868917,18578.567056834305,121898.0,35.0,25248.5935919056,20039.0000684078,121898.0,35.0,31527.53164556964,21059.857404115068,146551.0,399.0,0,0,0,0,0,0,0,0
198.52.200.39,443,10.0.2.15,55139,6,14996475,763,422,341,17392.020458140996,50.878623143105294,19680.413385826763,26318.362322806333,124982.0,5.0,35621.08076009497,29333.385557255482,124982.0,25.0,44047.6294117647,31846.85112413825,148058.0,374.0,0,0,0,0,0,0,0,0
198.52.200.39,443,10.0.2.15,55139,6,14984163,725,401,324,17022.639169101403,48.38441760143693,20696.35773480663,26903.93101518133,120515.0,15.0,37460.407500000016,31337.981695992963,124868.0,15.0,46203.504643962864,31374.615978483933,149889.0,322.0,0,0,0,0,0,0,0,0
198.52.200.39,443,10.0.2.15,55139,6,14969793,765,425,340,18575.473956119502,51.1029110422569,19593.96989528797,26653.496714880665,121254.0,14.0,35306.115566037726,30044.05941002228,121485.0,14.0,44006.73451327436,33059.67620923539,121900.0,101.0,0,0,0,0,0,0,0,0
198.52.200.39,443,10.0.2.15,55139,6,14996688,877,487,390,20994.63561554391,58.479578957700525,17119.506849315043,23583.803042183943,129695.0,12.0,30857.382716049375,27274.29983025313,129695.0,12.0,38488.47814910026,30080.078802088537,166256.0,205.0,0,0,0,0,0,0,0,0
198.52.200.39,443,10.0.2.15,55139,6,14963825,792,440,352,18991.735067738362,52.92764383438058,18917.60429835652,25098.319248006777,140064.0,16.0,34086.1617312073,28801.087473979667,140064.0,16.0,42502.689458689456,30512.611583463135,152527.0,373.0,0,0,0,0,0,0,0,0
198.52.200.39,443,10.0.2.15,55139,6,14977795,874,483,391,20900.74006220542,58.353048629654765,17156.695303550972,23792.792014159917,136930.0,7.0,31074.263485477164,26795.777291428665,136930.0,7.0,38394.40000000002,28972.22920610715,140840.0,56.0,0,0,0,0,0,0,0,0
198.52.200.39,443,10.0.2.15,55139,6,14997983,906,496,410,21149.243868325495,60.40812287892312,16572.356906077322,23325.59509730663,151048.0,13.0,30298.955555555556,27648.597746691332,151296.0,21.0,36583.337408312924,28693.159288145605,151107.0,71.0,0,0,0,0,0,0,0,0
198.52.200.39,443,10.0.2.15,55139,6,14948797,976,538,438,22606.90274943194,65.2895346695791,15332.099487179494,21170.477356071395,123541.0,18.0,27837.180633147116,23857.77242871223,123678.0,34.0,34001.71395881007,25485.95806892353,123671.0,353.0,0,0,0,0,0,0,0,0
198.52.200.39,443,10.0.2.15,55139,6,14997395,830,460,370,20130.495996137997,55.34294455803825,18090.94692400485,25297.72548872678,132355.0,14.0,32674.06318082791,29193.342973262166,132593.0,19.0,40615.905149051476,31425.143899642862,132622.0,57.0,0,0,0,0,0,0,0,0
198.52.200.39,443,10.0.2.15,55139,6,14985234,844,467,377,19957.913236456636,56.3221101519002,17776.07829181495,23734.953795922494,125242.0,19.0,32157.154506437753,26907.565128128263,125474.0,26.0,39684.664893617024,28645.269910023035,145795.0,389.0,0,0,0,0,0,0,0,0
198.52.200.39,443,10.0.2.15,55139,6,14995673,831,462,369,19896.206058907792,55.41598566466473,18067.07590361445,25011.051127830688,138701.0,10.0,32528.574837310185,27934.319030488376,138984.0,10.0,40558.58967391308,29575.46711749612,138905.0,441.0,0,0,0,0,0,0,0,0
198.52.200.39,443,10.0.2.15,55139,6,14931067,857,473,384,20401.75695414132,57.397103636330876,17442.835280373798,24663.582399488212,142878.0,10.0,31633.61652542374,28255.050843203207,142878.0,14.0,38939.67101827672,30281.637894302297,145441.0,42.0,0,0,0,0,0,0,0,0
198.52.200.39,443,10.0.2.15,55139,6,14996650,947,530,417,22606.64881823607,63.1474362607649,15852.695560253696,21643.891227480475,125222.0,10.0,28349.05482041588,24418.500845554332,125445.0,28.0,35902.99038461538,27606.04676820972,125437.0,34.0,0,0,0,0,0,0,0,0
198.52.200.39,443,10.0.2.15,55139,6,14973356,804,439,365,18492.714659292145,53.695377308867826,18646.769613947705,25925.57858814626,163092.0,17.0,34185.744292237425,29819.17597118283,163092.0,17.0,41049.62087912088,31910.468357029193,164007.0,74.0,0,0,0,0,0,0,0,0
198.52.200.39,443,10.0.2.15,55139,6,14984858,746,411,335,17707.875510064896,49.78358820617453,20113.903355704686,26919.082574035532,121072.0,19.0,36548.43414634144,30715.604924525178,121272.0,26.0,44646.242514970065,31781.729732046202,125723.0,77.0,0,0,0,0,0,0,0,0
198.52.200.39,443,10.0.2.15,55139,6,14937766,902,495,407,21052.746441469226,60.38386195097714,16579.096559378457,23381.150097332673,140630.0,15.0,30238.392712550576,26969.543201067903,140878.0,15.0,36729.87192118222,28393.98172893441,140877.0,451.0,0,0,0,0,0,0,0,0
198.52.200.39,443,10.0.2.15,55139,6,14987819,898,498,400,21232.175275135094,59.91532190240621,16708.828316610936,22851.488605034632,125124.0,10.0,30156.57746478872,26038.566207293123,125473.0,10.0,37530.88721804511,27397.296291151386,125341.0,430.0,0,0,0,0,0,0,0,0
198.52.200.39,443,10.0.2.15,55139,6,14994209,774,428,346,18562.099541229552,51.61992873381984,19397.424320827926,26620.02666978433,120854.0,11.0,35115.243559718954,29463.85643050552,124437.0,11.0,43440.51594202898,31673.550310989718,121335.0,77.0,0,0,0,0,0,0,0,0
198.52.200.39,443,10.0.2.15,55139,6,14976990,729,407,322,16807.983446607093,48.67466693908455,20572.78846153844,27288.430084925996,137887.0,11.0,36790.84236453196,30773.229546807757,138134.0,11.0,46656.510903426795,32110.643033025863,138105.0,240.0,0,0,0,0,0,0,0,0
198.52.200.39,443,10.0.2.15,55139,6,14979313,738,410,328,17116.13877085017,49.267947068066476,20324.712347354158,26141.03160089501,122040.0,18.0,36624.23716381415,28771.55594821663,122199.0,18.0,45798.82568807339,31392.58752936019,123877.0,359.0,0,0,0,0,0,0,0,0
198.52.200.39,443,10.0.2.15,55139,6,14977871,744,416,328,17646.099368862237,49.67328133617922,20158.641991924615,26489.013028513484,128896.0,20.0,36091.25542168671,30094.36255892991,128896.0,42.0,45710.99694189603,33472.72643928385,155442.0,336.0,0,0,0,0,0,0,0,0
198.52.200.39,443,10.0.2.15,55139,6,14933358,735,407,328,17759.234058408027,49.218668701306164,20345.17438692096,26354.304369994305,134266.0,17.0,36781.66995073893,30393.622134320965,136096.0,17.0,45585.27217125381,31630.637709608265,137566.0,338.0,0,0,0,0,0,0,0,0
198.52.200.39,443,10.0.2.15,55139,6,14993787,803,448,355,19485.4041877479,53.55551602807216,18695.495012468844,24909.56928908829,130905.0,28.0,33543.14765100668,27720.880739905933,131471.0,39.0,42329.05084745765,29806.24552330782,132820.0,397.0,0,0,0,0,0,0,0,0
198.52.200.39,443,10.0.2.15,55139,6,14986009,811,453,358,19329.295745117997,54.117143530342204,18501.245679012343,24455.792322146655,125401.0,15.0,33154.88716814158,27645.19747618415,125401.0,15.0,41745.33613445376,29255.591050665436,130782.0,270.0,0,0,0,0,0,0,0,0
198.52.200.39,443,10.0.2.15,55139,6,14999894,832,461,371,19922.874121643792,55.46705863388102,18050.413959085432,23872.907534763566,121938.0,15.0,32581.434782608714,27335.923759724687,122216.0,16.0,40470.016216216216,29449.395913023625,122055.0,298.0,0,0,0,0,0,0,0,0
198.52.200.39,443,10.0.2.15,55139,6,14995938,788,438,350,18998.944914282787,52.54756321345153,19054.559085133427,24908.012741950817,121855.0,9.0,34233.02288329517,28341.690803000263,122144.0,16.0,42819.08595988538,30622.97906610972,123152.0,525.0,0,0,0,0,0,0,0,0
198.52.200.39,443,10.0.2.15,55139,6,14935158,764,430,334,18584.135500943477,51.154463849662655,19574.256880733952,25617.119271108513,121037.0,8.0,34813.88811188809,28999.339733646553,121227.0,8.0,44591.96696696698,30995.562011059515,128073.0,320.0,0,0,0,0,0,0,0,0
198.52.200.39,443,10.0.2.15,55139,6,14897647,736,406,330,17453.42737681998,49.403774971980475,20268.9074829932,25513.818822492267,125098.0,5.0,36784.31358024693,28671.597179606913,125335.0,5.0,45060.60182370821,30744.06931509456,147920.0,354.0,0,0,0,0,0,0,0,0
198.52.200.39,443,10.0.2.15,55139,6,14989719,769,423,346,18828.43834497498,51.3018289402223,19517.863281250004,26331.778462327737,122316.0,39.0,35520.66113744076,29347.574440577406,122493.0,39.0,43438.67536231882,32362.58550590269,123619.0,289.0,0,0,0,0,0,0,0,0
198.52.200.39,443,10.0.2.15,55139,6,14930461,794,435,359,18840.67745798338,53.17987167308498,18827.819672131147,24921.835900228045,123003.0,11.0,34401.98387096769,28434.762703134576,123003.0,27.0,41618.47765363128,29141.825830829497,136247.0,463.0,0,0,0,0,0,0,0,0
198.52.200.39,443,10.0.2.15,55139,6,14992947,748,419,329,18571.398938447524,49.89012500344329,20070.879518072295,25720.719675458804,120210.0,15.0,35868.29425837321,28918.732931883904,120387.0,48.0,45702.103658536565,30023.716192496395,135783.0,365.0,0,0,0,0,0,0,0,0
198.52.200.39,443,10.0.2.15,55139,6,14934565,740,416,324,18167.452483550744,49.549484702098795,20209.1542625169,26505.225242283705,121950.0,29.0,35986.90361445779,29695.51105685649,122174.0,29.0,46111.343653250784,30883.063990135477,126180.0,408.0,0,0,0,0,0,0,0,0
198.52.200.39,443,10.0.2.15,55139,6,14977465,807,448,359,19111.712162238404,53.880947142924384,18582.46277915632,25113.337843073583,122402.0,20.0,33506.63310961967,28631.708050237914,122571.0,21.0,41835.455307262586,30379.72049441413,124713.0,373.0,0,0,0,0,0,0,0,0
198.52.200.39,443,10.0.2.15,55139,6,14981271,760,422,338,15867.679050729408,50.73000815484881,19738.169960474315,25066.518329957886,121055.0,17.0,35584.96674584322,28564.006106817702,121170.0,19.0,44063.397626112775,29011.66526582341,127008.0,553.0,0,0,0,0,0,0,0,0
198.52.200.39,443,10.0.2.15,55139,6,14995360,738,406,332,17099.756191248493,49.2152239092626,20346.4857530529,25601.37498409456,147961.0,25.0,37025.58024691356,28965.623632718172,147961.0,46.0,45292.01208459211,30027.98905334375,150876.0,429.0,0,0,0,0,0,0,0,0
198.52.200.39,443,10.0.2.15,55139,6,14969795,749,419,330,17911.467725509934,50.03408530310536,20013.094919786083,26325.246246599934,117386.0,16.0,35812.9066985646,29338.309193186575,147199.0,31.0,45499.896656534926,31594.706195608916,122004.0,273.0,0,0,0,0,0,0,0,0
198.52.200.39,443,10.0.2.15,55139,6,14977119,948,530,418,21780.09001597704,63.29655256127697,15815.33157338967,21763.597473954887,121564.0,15.0,28312.134215500966,24327.537486676792,121704.0,15.0,35772.201438848875,26524.619144527016,131455.0,221.0,0,0,0,0,0,0,0,0
198.52.200.39,443,10.0.2.15,55139,6,14983317,904,505,399,20552.992371448858,60.33376988553336,16592.82059800665,22564.8498582465,124469.0,17.0,29728.803571428583,25122.319965489194,124469.0,17.0,37569.12311557793,27944.471060548305,138462.0,706.0,0,0,0,0,0,0,0,0
198.52.200.39,443,10.0.2.15,55139,6,14987733,849,480,369,19446.50335043999,56.6463253648834,17674.213443396195,21899.68089960593,143175.0,11.0,31289.63048016702,22727.083935436105,155394.0,192.0,40417.89673913042,21852.14477542903,146740.0,277.0,0,0,0,0,0,0,0,0
198.52.200.39,443,10.0.2.15,55139,6,14874351,515,278,237,15632.413138563154,34.62335936539348,28938.426070038906,147235.91147322804,1830901.0,8.0,53698.0180505415,199297.56027878448,1831191.0,8.0,63015.453389830494,213546.7329112034,1830901.0,52.0,2110217.0,2178772.8848522357,4645507.0,256.0,1608297.75,299347.25829530606,1830901.0,1168851.0
198.52.200.39,443,10.0.2.15,55139,6,14970039,844,452,392,21215.108390833182,56.37927863781785,17758.053380782912,43667.837624870626,753576.0,8.0,33192.99113082041,56849.608437427356,753576.0,8.0,38282.93350383631,60376.69781812525,753915.0,71.0,0,0,0,0,0,0,0,0
198.52.200.39,443,10.0.2.15,55139,6,14934350,1154,635,519,27077.4422723453,77.27152504126393,12952.601908065897,19506.228704558587,118635.0,7.0,23555.7570977918,22604.003065716774,119509.0,7.0,28802.252895752896,23192.540647093007,127542.0,87.0,0,0,0,0,0,0,0,0
198.52.200.39,443,10.0.2.15,55139,6,14992262,1165,635,530,25636.29157494713,77.70675299030927,12879.95017182131,17701.258149101814,116151.0,20.0,23647.100946372255,19272.463023643166,116339.0,20.0,28177.965973535,19259.06760323069,121626.0,236.0,0,0,0,0,0,0,0,0
198.52.200.39,443,10.0.2.15,55139,6,14991175,1176,640,536,26363.977473413524,78.44615248637949,12758.446808510636,17541.576795203793,152064.0,19.0,23460.367762128342,18829.757587650463,152309.0,22.0,27850.27850467291,19484.77081859064,152269.0,80.0,0,0,0,0,0,0,0,0
198.52.200.39,443,10.0.2.15,55139,6,14993180,1061,580,481,23895.79795613739,70.76550805099384,14144.509433962257,20681.0433773888,121709.0,12.0,25894.956822107084,22777.106940168596,122103.0,18.0,31171.45625,23523.29475919425,121709.0,98.0,0,0,0,0,0,0,0,0
198.52.200.39,443,10.0.2.15,55139,6,14979004,832,454,378,19501.630415480227,55.54441403447118,18025.275571600465,26338.6274392842,134008.0,12.0,33066.23399558502,30178.730669703553,134008.0,25.0,39490.90450928382,31000.275470231198,160870.0,43.0,0,0,0,0,0,0,0,0
198.52.200.39,443,10.0.2.15,55139,6,14895078,765,414,351,18007.492139349655,51.35924766557114,19496.175392670142,27696.870089516742,130643.0,14.0,36065.564164648895,33119.190489554145,131025.0,17.0,42542.18,31808.116222358592,140981.0,58.0,0,0,0,0,0,0,0,0
198.52.200.39,443,10.0.2.15,55139,6,14976189,813,444,369,18549.57893493465,54.28617387240506,18443.582512315297,26265.581133312444,122641.0,13.0,33806.295711060964,29740.83865558004,122797.0,20.0,40662.41847826085,31555.571329880713,151552.0,51.0,0,0,0,0,0,0,0,0
198.52.200.39,443,10.0.2.15,55139,6,14986823,769,422,347,17779.351901333594,51.31174232190505,19514.092447916675,27312.912763520606,134534.0,22.0,35598.15439429928,31170.739539745853,134711.0,22.0,43224.17630057804,33285.59315755072,137551.0,323.0,0,0,0,0,0,0,0,0
198.52.200.39,443,10.0.2.15,55139,6,14950230,723,396,327,17514.98137486848,48.36046000630091,20706.689750692523,28942.534695493883,121188.0,12.0,37848.6835443038,32891.247361394395,155625.0,12.0,45853.40797546011,33911.88101176519,122179.0,77.0,0,0,0,0,0,0,0,0
198.52.200.39,443,10.0.2.15,55139,6,14986337,922,505,417,20694.116247352504,61.522705648485015,16271.80998914223,23891.259828506412,132747.0,13.0,29734.79563492062,26894.35178878768,132984.0,27.0,35598.25240384614,28364.70602544001,135587.0,73.0,0,0,0,0,0,0,0,0
198.52.200.39,443,10.0.2.15,55139,6,14992248,886,485,401,19795.963887470378,59.097208103814715,16940.393220338974,24990.09242062455,136837.0,5.0,30975.719008264456,28584.341132277823,137066.0,5.0,37375.504999999976,29348.437215419905,137057.0,79.0,0,0,0,0,0,0,0,0
198.52.200.39,443,10.0.2.15,55139,6,14968788,766,420,346,17877.26568109589,51.17314775251009,19567.0431372549,27261.82594379954,122074.0,25.0,35725.03102625299,30345.111791249634,122370.0,25.0,43295.47246376813,32346.081072788515,122226.0,271.0,0,0,0,0,0,0,0,0
198.52.200.39,443,10.0.2.15,55139,6,14973114,817,447,370,17463.167648359584,54.56446801914418,18349.404411764717,25288.811033397258,125077.0,15.0,33571.553811659156,28448.834962666802,125226.0,15.0,40456.63143631437,29059.681521016744,125229.0,346.0,0,0,0,0,0,0,0,0
198.52.200.39,443,10.0.2.15,55139,6,14999798,1012,560,452,22698.90567859647,67.4675752300131,14836.59545004945,20886.592626043068,122351.0,9.0,26833.27012522362,23338.298321232505,122608.0,9.0,33244.396895787126,23914.375133238063,122471.0,225.0,0,0,0,0,0,0,0,0
198.52.200.39,443,10.0.2.15,55139,6,14954651,805,439,366,18639.217993117993,53.82940731950214,18600.312189054697,27029.59561050716,146886.0,12.0,34143.03881278544,30082.21332737251,147111.0,16.0,40898.257534246586,32130.537614814508,147055.0,70.0,0,0,0,0,0,0,0,0
198.52.200.39,443,10.0.2.15,55139,6,14940405,820,449,371,19045.13297999619,54.88472367382276,18242.252747252736,27031.12849493856,140237.0,18.0,33349.11830357142,30772.933263199317,140457.0,18.0,40286.98648648652,31893.074807125966,140469.0,75.0,0,0,0,0,0,0,0,0
198.52.200.39,443,10.0.2.15,55139,6,14998668,717,395,322,16965.039828870136,47.8042450169575,20947.860335195517,28297.984398508466,121081.0,11.0,38067.68527918784,32343.845671893483,127607.0,11.0,46707.501557632364,32112.711986564278,121144.0,65.0,0,0,0,0,0,0,0,0
198.52.200.39,443,10.0.2.15,55139,6,14966369,555,285,270,11019.306018714358,37.08314287854322,27015.106498194957,37443.595993004885,480154.0,33.0,52698.48239436619,38413.33364203619,480432.0,42.0,55624.88104089219,37313.01728780619,480374.0,502.0,0,0,0,0,0,0,0,0
198.52.200.39,443,10.0.2.15,55139,6,14886902,1131,611,520,31900.861576169442,75.9728249705681,13174.249557522133,40293.91813808959,885357.0,4.0,24404.75737704919,53587.58058682604,885583.0,4.0,28589.50096339113,57501.3480228044,885357.0,26.0,0,0,0,0,0,0,0,0
198.52.200.39,443,10.0.2.15,55139,6,14908707,599,316,283,15717.124228143997,40.177863848286776,24930.948160535125,80555.95745211803,1253069.0,8.0,47329.22857142855,108737.66275370585,1292146.0,10.0,52839.98581560285,114084.56557408434,1253115.0,58.0,583265.5,824796.9267404553,1166485.0,46.0,1165076.5,124440.18688711457,1253069.0,1077084.0
198.52.200.39,443,10.0.2.15,55139,6,14963708,686,375,311,15530.976680378953,45.844251972839885,21844.829197080297,29913.14000463938,125264.0,13.0,40009.914438502725,32712.40336701477,125558.0,20.0,47982.27096774193,34066.098858840865,127180.0,324.0,0,0,0,0,0,0,0,0
198.52.200.39,443,10.0.2.15,55139,6,14963190,1144,635,509,26675.929397407905,76.45428548324254,13091.15485564305,19288.807163877336,121139.0,9.0,23601.246056782315,21295.32678761923,121139.0,9.0,29454.289370078746,22582.57482792652,121683.0,199.0,0,0,0,0,0,0,0,0
198.52.200.39,443,10.0.2.15,55139,6,14986158,1168,644,524,26781.9143505627,77.93858839603854,12841.609254498724,18721.626960951482,131949.0,16.0,23306.2768273717,21086.872558024992,131949.0,16.0,28622.892925430202,21553.530962915473,146260.0,230.0,0,0,0,0,0,0,0,0
198.52.200.39,443,10.0.2.15,55139,6,14991693,989,537,452,23888.829633851226,65.96986744592489,15173.77834008098,22746.25980772628,125906.0,13.0,27969.576492537322,26916.011766645053,126134.0,22.0,33204.91574279379,27434.57087062065,126119.0,64.0,0,0,0,0,0,0,0,0
198.52.200.39,443,10.0.2.15,55139,6,14980650,943,516,427,22685.664507214304,62.947869418216165,15903.025477706999,24261.666793519675,128538.0,10.0,29088.64077669902,28486.571006788316,128861.0,10.0,34981.13145539901,29225.60051480402,129341.0,59.0,0,0,0,0,0,0,0,0
198.52.200.39,443,10.0.2.15,55139,6,14937890,969,530,439,23571.66909115009,64.86859924661381,15431.704545454557,23620.42373275492,121594.0,6.0,28237.977315689997,27539.712816831903,121762.0,6.0,34048.228310502294,28815.269387188142,121859.0,72.0,0,0,0,0,0,0,0,0
198.52.200.39,443,10.0.2.15,55139,6,14958845,863,474,389,18851.455443251132,57.691619907820424,17353.648491879365,24420.20708753341,125023.0,17.0,31625.465116279087,27146.68836998239,125310.0,17.0,38307.948453608245,28809.07211193767,125311.0,561.0,0,0,0,0,0,0,0,0
198.52.200.39,443,10.0.2.15,55139,6,14974338,701,385,316,15664.999681455034,46.81342173523798,21391.91142857144,30349.016264705333,130188.0,13.0,38995.67187500001,34617.19470734758,130207.0,13.0,47463.796825396814,35034.130604411985,139249.0,75.0,0,0,0,0,0,0,0,0
198.52.200.39,443,10.0.2.15,55139,6,14989153,742,405,337,17635.08585174893,49.50246354814045,20228.276653171408,28837.644917999158,121938.0,14.0,37101.86386138617,32818.884458653556,122216.0,26.0,44418.44345238091,34873.005211144235,122257.0,108.0,0,0,0,0,0,0,0,0
198.52.200.39,443,10.0.2.15,55139,6,14990627,732,408,324,17471.584077170355,48.83051255961475,20507.013679890555,28932.96048827791,143206.0,20.0,36832.007371007385,32372.58061214911,143206.0,20.0,46311.5170278638,34130.9604990233,152203.0,483.0,0,0,0,0,0,0,0,0
198.52.200.39,443,10.0.2.15,55139,6,14999310,749,413,336,17940.69193849584,49.935630372330465,20052.55347593585,28701.80259620583,121034.0,6.0,36406.09223300969,32292.01156171497,121239.0,6.0,44531.03283582088,33740.8494531817,136024.0,270.0,0,0,0,0,0,0,0,0
198.52.200.39,443,10.0.2.15,55139,6,14964982,793,431,362,19446.264619630016,52.99037446219448,18895.17929292927,27204.378103452866,145684.0,15.0,34802.2837209302,30978.335864454864,145684.0,19.0,41452.703601108034,32055.26951875832,151569.0,53.0,0,0,0,0,0,0,0,0
198.52.200.39,443,10.0.2.15,55139,6,14995328,776,427,349,18721.36441430291,51.749451562513336,19348.810322580666,27646.67672668575,141516.0,9.0,35200.30046948353,31464.0930153551,141516.0,18.0,43088.87356321843,32268.175295131572,165276.0,35.0,0,0,0,0,0,0,0,0
198.52.200.39,443,10.0.2.15,55139,6,14953946,763,420,343,19028.756690708928,51.02332187102989,19624.60104986878,27741.39114472873,137803.0,6.0,35689.608591885466,30977.889497929882,137803.0,6.0,43553.789473684184,32023.53612720564,138305.0,78.0,0,0,0,0,0,0,0,0
198.52.200.39,443,10.0.2.15,55139,6,14979277,777,429,348,18927.94959329479,51.87166243070343,19303.192010309263,27881.773411742124,140110.0,10.0,34998.14485981312,31758.0266012273,140330.0,22.0,43046.504322766596,33226.25617308706,140362.0,243.0,0,0,0,0,0,0,0,0
198.52.200.39,443,10.0.2.15,55139,6,14992158,752,413,339,18198.91439244437,50.159556749602025,19962.926764314267,28414.669502517452,121352.0,9.0,36388.73300970875,32112.197452264365,121528.0,9.0,44091.64201183434,33773.11673258611,126246.0,53.0,0,0,0,0,0,0,0,0
198.52.200.39,443,10.0.2.15,55139,6,14961736,796,437,359,19080.33934030115,53.20238239733678,18819.793710691847,25957.070599569674,120713.0,12.0,34315.66972477064,29538.891935592652,120755.0,17.0,41686.78770949721,30358.86155439917,126457.0,205.0,0,0,0,0,0,0,0,0
198.52.200.39,443,10.0.2.15,55139,6,14995571,759,424,335,18575.684780526197,50.61494490606593,19783.075197889168,28047.05755990183,122476.0,6.0,35450.52245862881,32110.611368644102,122716.0,22.0,44627.137724550936,33714.915677755336,122645.0,185.0,0,0,0,0,0,0,0,0
198.52.200.39,443,10.0.2.15,55139,6,14995329,793,437,356,19787.828596491614,52.8831344747421,18933.4962121212,27936.412055659563,138032.0,1.0,34392.95642201836,32283.511111664207,138032.0,15.0,42059.909859154934,32970.84132067274,155080.0,44.0,0,0,0,0,0,0,0,0
198.52.200.39,443,10.0.2.15,55139,6,14992106,683,365,318,14484.089159988596,45.55730862628639,21982.560117302066,31142.957243175733,253841.0,17.0,41187.104395604394,33852.691910576,254116.0,30.0,47006.3722397476,33298.63152356282,254043.0,384.0,0,0,0,0,0,0,0,0
198.52.200.39,443,10.0.2.15,55139,6,14965035,874,468,406,21109.138735726312,58.40280360186261,17142.079037800686,69631.54371866224,1918799.0,13.0,32045.042826552453,93105.0470078214,1919176.0,13.0,36828.67654320987,99468.38169688697,1918799.0,51.0,9850344.0,0.0,9850344.0,9850344.0,1918799.0,0.0,1918799.0,1918799.0
198.52.200.39,443,10.0.2.15,55139,6,14979580,679,368,311,19248.00294801323,45.328373692720355,22093.77581120945,63586.098817137296,1392816.0,7.0,40815.99999999995,84870.80171948535,1392867.0,7.0,48236.77419354848,91774.14812688195,1392871.0,71.0,4537335.0,0.0,4537335.0,4537335.0,1392816.0,0.0,1392816.0,1392816.0
198.52.200.39,443,10.0.2.15,55139,6,14980696,1157,654,503,26993.538884975704,77.23272670375262,12959.079584775076,16290.55306709248,122321.0,11.0,22881.810107197536,17706.023426952404,122566.0,11.0,29670.02589641433,19246.955474340983,122455.0,118.0,0,0,0,0,0,0,0,0
198.52.200.39,443,10.0.2.15,55139,6,14996355,1198,691,507,28884.418913796053,79.88607898385975,12528.283208020028,16475.634192273737,98233.0,8.0,21733.847826086934,17778.167696691933,98483.0,8.0,29567.256916996037,20550.533512508002,119491.0,275.0,0,0,0,0,0,0,0,0
198.52.200.39,443,10.0.2.15,55139,6,14978461,1105,628,477,26423.342157782434,73.77259920094595,13567.44655797101,18076.62781628209,120563.0,11.0,23889.09250398723,20799.913049578456,120644.0,11.0,31397.28571428571,21591.143701607354,121364.0,194.0,0,0,0,0,0,0,0,0
198.52.200.39,443,10.0.2.15,55139,6,14992144,1181,669,512,29976.099482502304,78.77459021204706,12705.206779660999,16473.56458718836,91070.0,17.0,22443.329341317374,18613.21664015843,99663.0,17.0,29289.694716242684,20726.226168338722,99790.0,81.0,0,0,0,0,0,0,0,0
198.52.200.39,443,10.0.2.15,55139,6,14981385,1045,586,459,23576.124637341607,69.75323042562486,14349.985632183902,18405.825872861937,113002.0,10.0,25609.205128205114,21082.703199728687,113002.0,10.0,32631.220524017474,22761.049505897252,121213.0,310.0,0,0,0,0,0,0,0,0
198.52.200.39,443,10.0.2.15,55139,6,14961964,879,499,380,21585.468324880345,58.74897172590443,17040.96127562639,21857.16714300626,115245.0,5.0,30044.104417670682,25468.57941246181,115645.0,5.0,39342.32981530343,29959.363146473206,135351.0,116.0,0,0,0,0,0,0,0,0
198.52.200.39,443,10.0.2.15,55139,6,14959387,851,481,370,21532.901047349067,56.88735775068858,17599.278823529363,21430.438158694687,106530.0,8.0,31165.389583333326,25363.992940536285,106530.0,11.0,40422.51761517616,28714.542627847233,116034.0,369.0,0,0,0,0,0,0,0,0
198.52.200.39,443,10.0.2.15,55139,6,14993294,811,459,352,20046.428756749516,54.09084888217359,18510.239506172842,22077.764950528806,121906.0,14.0,32736.449781659387,25608.713000015556,122059.0,14.0,42691.29629629631,29332.402198406802,122083.0,345.0,0,0,0,0,0,0,0,0
198.52.200.39,443,10.0.2.15,55139,6,14993107,854,486,368,22788.338667895852,56.95950812596749,17576.913247362245,22389.13817753691,114871.0,0.0,30913.62268041237,25939.118906958247,154765.0,11.0,40737.74659400542,29606.26795074194,117536.0,106.0,0,0,0,0,0,0,0,0
198.52.200.39,443,10.0.2.15,55139,6,14936068,811,458,353,20392.113908426232,54.298092376119335,18439.59012345677,23806.95477681398,119683.0,6.0,32682.862144420164,26699.14353126937,119834.0,6.0,42342.07954545451,33147.79255544021,122208.0,71.0,0,0,0,0,0,0,0,0
198.52.200.39,443,10.0.2.15,55139,6,14999611,770,433,337,18168.471169018983,51.33466461230228,19505.345903771118,25261.114518796632,121611.0,10.0,34721.32175925924,29239.37412697245,121823.0,10.0,44639.91666666668,31814.350981047435,133394.0,148.0,0,0,0,0,0,0,0,0
198.52.200.39,443,10.0.2.15,55139,6,14991892,825,470,355,21537.97532693005,55.02974541171988,18194.043689320384,22531.746903221847,116197.0,11.0,31965.65458422174,25245.83957499226,116414.0,11.0,42283.141242937825,29901.65386441056,127075.0,378.0,0,0,0,0,0,0,0,0
198.52.200.39,443,10.0.2.15,55139,6,14985363,824,467,357,20466.638012038813,54.98698963782192,18208.217496962356,22803.26845805032,124397.0,22.0,32076.778969957068,26621.651493984577,124587.0,22.0,41977.567415730344,29787.548754914842,125833.0,275.0,0,0,0,0,0,0,0,0
198.52.200.39,443,10.0.2.15,55139,6,14972446,834,472,362,21060.687078116694,55.702321451017426,17974.124849939974,22542.611595635968,126743.0,19.0,31788.63269639064,25404.6115077247,126955.0,35.0,41473.05817174515,29854.44981199894,157162.0,196.0,0,0,0,0,0,0,0,0
198.52.200.39,443,10.0.2.15,55139,6,14984706,847,490,357,23109.295571097624,56.524298841765734,17712.418439716308,22559.695869101564,121560.0,5.0,30643.570552147245,26212.7441646819,121819.0,5.0,41846.91573033712,30016.355242681453,127763.0,147.0,0,0,0,0,0,0,0,0
198.52.200.39,443,10.0.2.15,55139,6,14973397,856,481,375,21748.3714617331,57.168056119796994,17512.74502923977,21226.237307288182,110821.0,15.0,31194.57708333335,24197.11925326825,110821.0,16.0,39931.40641711229,28283.035894995417,126529.0,224.0,0,0,0,0,0,0,0,0
198.52.200.39,443,10.0.2.15,55139,6,14997054,825,474,351,21134.7508650699,55.010804121929546,18200.30825242715,23243.522144330935,120958.0,0.0,31627.701902748417,26240.490449769128,121247.0,22.0,42784.19142857146,29500.565326435622,122138.0,188.0,0,0,0,0,0,0,0,0
198.52.200.39,443,10.0.2.15,55139,6,14959777,812,462,350,21007.866627958425,54.27888396999501,18446.08754623921,22858.704742011305,142825.0,20.0,32450.709327548797,25800.152114695222,143075.0,20.0,42780.49283667623,30119.049630449354,142961.0,450.0,0,0,0,0,0,0,0,0
198.52.200.39,443,10.0.2.15,55139,6,14987115,822,460,362,20029.47198310015,54.84711367064308,18254.707673568795,23031.733020373387,121309.0,22.0,32571.808278867094,25848.530671422315,121586.0,43.0,41453.36288088645,30156.40292419315,142598.0,210.0,0,0,0,0,0,0,0,0
198.52.200.39,443,10.0.2.15,55139,6,14982976,778,441,337,17950.439218483698,51.92559875955217,19283.109395109386,23986.15608677645,121646.0,17.0,34052.21818181816,27935.5261025553,121898.0,19.0,44390.17261904762,29351.03984895407,121803.0,419.0,0,0,0,0,0,0,0,0
198.52.200.39,443,10.0.2.15,55139,6,14995204,824,465,359,19551.784690625085,54.9509029687092,18220.17496962334,22614.45568906979,125481.0,11.0,32317.25000000001,25561.22658972096,125481.0,25.0,41842.1843575419,28905.598687329075,132135.0,194.0,0,0,0,0,0,0,0,0
198.52.200.39,443,10.0.2.15,55139,6,14944067,785,456,329,19636.153933196365,52.52920774512052,19061.309948979597,23702.40883377091,119781.0,15.0,32844.103296703266,27786.488119867918,119781.0,15.0,45447.6737804878,29564.793161758076,143483.0,424.0,0,0,0,0,0,0,0,0
198.52.200.39,443,10.0.2.15,55139,6,14963273,846,479,367,21262.794577095534,56.53843246728173,17708.015384615384,21299.688120805953,115914.0,9.0,31303.91841004184,24520.086280752577,115914.0,16.0,40808.155737704976,28332.97134851819,118100.0,368.0,0,0,0,0,0,0,0,0
198.52.200.39,443,10.0.2.15,55139,6,14971795,850,483,367,21696.99758779759,56.77341962002552,17634.623085983527,21699.274370241797,116191.0,23.0,31061.81535269708,25148.015836743187,116705.0,29.0,40779.806010928914,28833.54816045312,116267.0,292.0,0,0,0,0,0,0,0,0
198.52.200.39,443,10.0.2.15,55139,6,14969234,786,447,339,19665.468520299703,52.50769678662248,19069.087898089165,24593.385319753896,137654.0,0.0,33563.304932735395,27986.86707952556,137811.0,16.0,44171.9644970414,31741.13877099321,138011.0,352.0,0,0,0,0,0,0,0,0
198.52.200.39,443,10.0.2.15,55139,6,14989182,818,462,356,19817.95937897078,54.572691158196626,18346.611995104016,23717.09429435148,120657.0,4.0,32514.494577006506,28052.784459069935,127084.0,4.0,42222.08732394364,32184.308631906646,154189.0,202.0,0,0,0,0,0,0,0,0
198.52.200.39,443,10.0.2.15,55139,6,14973159,806,449,357,19693.239082013355,53.829656119994446,18600.197515527936,22774.081159264137,132636.0,11.0,33422.22991071429,26238.967319163017,132896.0,11.0,41948.073033707835,28957.504272086197,132909.0,392.0,0,0,0,0,0,0,0,0
198.52.200.39,443,10.0.2.15,55139,6,14991327,811,454,357,19950.335283861128,54.097946099101165,18507.811111111125,23182.02073354706,118111.0,7.0,33093.43708609269,27753.813516226724,118111.0,7.0,42088.41292134829,30300.566784932773,126415.0,319.0,0,0,0,0,0,0,0,0
198.52.200.39,443,10.0.2.15,55139,6,14994335,795,448,347,19207.65409069492,53.020023895691274,18884.55289672542,25483.610036742528,152408.0,7.0,33544.37360178972,30388.999690803303,152617.0,7.0,43274.78612716765,31857.81964901095,152475.0,278.0,0,0,0,0,0,0,0,0
198.52.200.39,443,10.0.2.15,55139,6,14966537,766,432,334,18350.738049824082,51.18084430620122,19564.10065359479,25611.066941587032,120846.0,5.0,34725.14385150807,30042.16239171136,125514.0,5.0,44920.28228228229,32572.687959793875,130880.0,222.0,0,0,0,0,0,0,0,0
198.52.200.39,443,10.0.2.15,55139,6,14930856,796,451,345,20132.469297138756,53.312415577512766,18780.95094339619,24760.145245854816,127606.0,7.0,33179.67999999999,29268.1261208064,127834.0,12.0,43369.39244186047,31415.232970749606,146460.0,393.0,0,0,0,0,0,0,0,0
198.52.200.39,443,10.0.2.15,55139,6,14998235,862,490,372,22366.831830545394,57.473429373522954,17419.55284552844,21403.614257030848,93851.0,0.0,30591.44376278121,25942.390684113507,110079.0,7.0,40258.62803234501,29885.14321652277,122967.0,28.0,0,0,0,0,0,0,0,0
198.52.200.39,443,10.0.2.15,55139,6,14989662,719,403,316,16598.239506667996,47.96639177054159,20876.966573816127,25740.222259169823,120528.0,24.0,37287.7164179105,28891.965868987554,120651.0,24.0,47543.46666666672,31585.58732709353,121256.0,281.0,0,0,0,0,0,0,0,0
10.0.2.15,38768,5.9.123.81,9001,6,1793336,569,102,467,334396.3429050663,317.2857735527531,3157.2816901408455,20299.16604758405,145849.0,2.0,17755.80198019803,46711.82382352884,164732.0,41.0,3457.85407725322,21326.7137710228,145849.0,2.0,0,0,0,0,0,0,0,0
10.0.2.15,57397,148.251.190.229,9010,6,1164263,39,16,23,17545.004865739098,33.497586026524935,30638.499999999993,64735.70132250224,276385.0,4.0,77617.53333333333,89466.02541257664,277571.0,44.0,44888.72727272726,78251.70996956024,276385.0,4.0,0,0,0,0,0,0,0,0
198.52.200.39,443,10.0.2.15,55139,6,14977232,860,491,369,21660.07710904124,57.42048998105925,17435.660069848676,23425.85297760009,132201.0,7.0,30565.77959183673,27775.458209815843,143159.0,7.0,40640.638586956535,30784.373607140536,171699.0,211.0,0,0,0,0,0,0,0,0
198.52.200.39,443,10.0.2.15,55139,6,14949750,821,467,354,21013.662435826685,54.91730630947006,18231.40243902441,23642.586375522602,121465.0,7.0,32081.008583691008,27304.7534209022,121721.0,7.0,42238.186968838556,31373.262982687225,122100.0,276.0,0,0,0,0,0,0,0,0
198.52.200.39,443,10.0.2.15,55139,6,14958825,808,466,342,20651.488335480895,54.014937670572394,18536.338289962816,23149.00219959882,109927.0,8.0,32169.516129032265,26702.88553696543,114313.0,8.0,43794.42815249268,30553.127252160855,124808.0,291.0,0,0,0,0,0,0,0,0
198.52.200.39,443,10.0.2.15,55139,6,14989476,825,472,353,20992.795211787256,55.03861509234879,18191.11165048543,22825.08624053551,111027.0,13.0,31824.7898089172,26573.5024812228,117601.0,18.0,42478.6875,29312.13310872389,125201.0,354.0,0,0,0,0,0,0,0,0
198.52.200.39,443,10.0.2.15,55139,6,14983606,818,466,352,20545.38807280437,54.592999842628004,18339.787025703794,21570.434186776496,94119.0,20.0,32222.80860215054,24738.866001296377,101716.0,20.0,42667.632478632506,28344.371239231954,119168.0,429.0,0,0,0,0,0,0,0,0
198.52.200.39,443,10.0.2.15,55139,6,14998784,804,456,348,19707.39761303316,53.604345525610604,18678.435865504383,23310.11128323323,121836.0,11.0,32964.36043956042,26622.09194959857,122153.0,13.0,43197.22478386171,31546.024913716803,143283.0,202.0,0,0,0,0,0,0,0,0
198.52.200.39,443,10.0.2.15,55139,6,14976336,747,424,323,17094.03421504432,49.878688619165594,20075.517426273484,24363.858748340583,123827.0,14.0,35405.04964539007,27160.599675793503,123827.0,15.0,46157.944099378874,30283.82134838733,134757.0,236.0,0,0,0,0,0,0,0,0
198.52.200.39,443,10.0.2.15,55139,6,14988714,818,471,347,20449.919853030755,54.574395108212755,18346.039167686686,23191.12452483502,140201.0,6.0,31890.88085106383,27458.08418090307,140452.0,6.0,43139.22254335256,29519.5056934904,140367.0,313.0,0,0,0,0,0,0,0,0
198.52.200.39,443,10.0.2.15,55139,6,14971616,828,466,362,21000.939377552833,55.304651147878765,18103.525997581597,21949.937684120934,111783.0,14.0,32197.02365591398,25551.448683487015,116862.0,36.0,41397.739612188365,28863.17318793022,122165.0,355.0,0,0,0,0,0,0,0,0
198.52.200.39,443,10.0.2.15,55139,6,14985396,848,483,365,21061.83913991996,56.588427826665374,17692.32113341206,21546.75096268697,120762.0,39.0,31090.033195020736,25240.80149139899,121237.0,39.0,41077.41483516483,28415.0040098013,120905.0,169.0,0,0,0,0,0,0,0,0
198.52.200.39,443,10.0.2.15,55139,6,14920897,783,437,346,20089.20777350048,52.4767378261508,19080.430946291566,26934.15108397337,149139.0,6.0,34222.24082568811,30300.24530835465,149324.0,7.0,43216.79999999998,32240.344434022696,149250.0,24.0,0,0,0,0,0,0,0,0
198.52.200.39,443,10.0.2.15,55139,6,14964670,859,479,380,22031.959274745117,57.40186719787339,17441.340326340312,23406.36844810368,120930.0,14.0,31306.841004184123,27259.547379693166,121256.0,25.0,39164.79419525067,29237.417659963412,123282.0,55.0,0,0,0,0,0,0,0,0
198.52.200.39,443,10.0.2.15,55139,6,14997217,791,445,346,19276.909842672812,52.74311894000067,18983.81898734179,25281.480438652736,126479.0,9.0,33777.515765765755,28855.494667370054,126605.0,9.0,43216.72753623188,31969.784391544254,126639.0,62.0,0,0,0,0,0,0,0,0
198.52.200.39,443,10.0.2.15,55139,6,14994710,852,483,369,22423.774784574027,56.82003853358952,17620.105757931833,24832.00267450149,151830.0,6.0,31109.356846473023,29264.059828247195,152083.0,6.0,40585.53532608701,32196.98909229095,152101.0,59.0,0,0,0,0,0,0,0,0
198.52.200.39,443,10.0.2.15,55139,6,14975081,851,480,371,21537.44610797097,56.82773936247824,17617.742352941175,21312.970032966296,112151.0,4.0,31263.217118997938,24714.830124406762,113072.0,4.0,40343.26756756757,27580.195853125788,119811.0,330.0,0,0,0,0,0,0,0,0
198.52.200.39,443,10.0.2.15,55139,6,14969097,827,473,354,21193.663184893518,55.2471535190132,18122.39346246973,22312.5728185519,108865.0,0.0,31714.18855932202,25362.10274500169,113222.0,0.0,42404.42209631726,30973.106725565336,117428.0,431.0,0,0,0,0,0,0,0,0
198.52.200.39,443,10.0.2.15,55139,6,14941568,817,461,356,20455.885219007803,54.679669496534764,18310.74509803924,22547.962857746857,121119.0,12.0,32481.669565217377,25679.04166591273,121367.0,16.0,41977.01971830986,30628.985505538374,121277.0,42.0,0,0,0,0,0,0,0,0
198.52.200.39,443,10.0.2.15,55139,6,14997323,859,491,368,22860.14644080147,57.2768886820668,17479.397435897452,23772.717175641472,127744.0,6.0,30606.781632653063,28103.4366738783,133156.0,6.0,40793.485013623955,30666.078767366147,128397.0,75.0,0,0,0,0,0,0,0,0
198.52.200.39,443,10.0.2.15,55139,6,14981123,824,460,364,20808.31991032982,55.00255221187357,18203.065613608756,22945.680751854063,167777.0,13.0,32638.612200435717,27092.53217144231,167876.0,34.0,41098.78236914603,30422.115295442403,168021.0,76.0,0,0,0,0,0,0,0,0
198.52.200.39,443,10.0.2.15,55139,6,14991501,809,454,355,20070.90550839439,53.96390928433384,18553.837871287105,23968.1947508169,121049.0,0.0,33093.82119205302,27266.83859232175,121317.0,0.0,42347.33050847458,30713.962863907178,121255.0,297.0,0,0,0,0,0,0,0,0
10.0.2.15,38768,5.9.123.81,9001,6,44226,4,3,1,24555.691222357887,90.44453488897933,14742.0,25268.17470653549,43919.0,66.0,21992.5,31008.753675373668,43919.0,66.0,0,0,0,0,0,0,0,0,0,0,0,0
10.0.2.15,57397,148.251.190.229,9010,6,1077338,4,2,2,1008.0401879447305,3.7128552042163188,359112.6666666666,621822.1189410468,1077131.0,55.0,1077338.0,0.0,1077338.0,1077338.0,1077131.0,0.0,1077131.0,1077131.0,152.0,0.0,152.0,152.0,1077131.0,0.0,1077131.0,1077131.0
198.52.200.39,443,10.0.2.15,55139,6,14983166,694,393,301,15505.200970208833,46.31864854197037,21620.730158730166,26420.12098806326,130542.0,12.0,38222.36224489796,28985.521826444787,132923.0,16.0,49811.07666666668,32383.891560353964,132710.0,424.0,0,0,0,0,0,0,0,0
198.52.200.39,443,10.0.2.15,55139,6,14987733,789,444,345,19102.155075754286,52.64305148750648,19019.96573604057,23536.79103593929,121314.0,12.0,33832.354401805904,26713.62264928371,124602.0,34.0,43562.15697674424,29085.89383186651,122924.0,76.0,0,0,0,0,0,0,0,0
198.52.200.39,443,10.0.2.15,55139,6,14982499,817,457,360,19930.787247174187,54.53028897248716,18360.90563725488,24086.408422472457,121150.0,10.0,32856.35745614035,27084.66445879606,121375.0,12.0,41555.40111420614,30995.702034379254,121433.0,34.0,0,0,0,0,0,0,0,0
198.52.200.39,443,10.0.2.15,55139,6,14942886,985,555,430,23862.124090353096,65.9176547288121,15185.859756097543,20892.170257194226,126215.0,15.0,26972.718411552352,24549.86109012502,133092.0,16.0,34789.27972027974,26593.483915212706,126370.0,213.0,0,0,0,0,0,0,0,0
198.52.200.39,443,10.0.2.15,55139,6,14980448,880,499,381,22364.017417903655,58.74323651735916,17042.602957906733,21542.962257695286,120624.0,12.0,30081.220883534126,24194.535192362175,120852.0,23.0,39402.83947368423,28085.866632511603,120796.0,211.0,0,0,0,0,0,0,0,0
198.52.200.39,443,10.0.2.15,55139,6,14970061,899,512,387,22919.746285602978,60.05319550802098,16670.44654788417,21321.3115369707,121942.0,10.0,29295.61839530331,23760.50571937321,122120.0,10.0,38679.55699481864,28243.09006691569,122182.0,111.0,0,0,0,0,0,0,0,0
198.52.200.39,443,10.0.2.15,55139,6,14926861,897,506,391,22375.43446006498,60.09300950816116,16659.443080357123,21028.140761649083,112830.0,10.0,29558.140594059427,24560.52737104972,112952.0,10.0,38162.96410256412,26855.53394171,121649.0,348.0,0,0,0,0,0,0,0,0
198.52.200.39,443,10.0.2.15,55139,6,14974062,832,471,361,21140.623032013624,55.56274576664635,18019.328519855597,22043.625265207807,124572.0,18.0,31859.706382978737,25756.737032922363,124784.0,18.0,41437.10555555562,28453.530085342973,124811.0,159.0,0,0,0,0,0,0,0,0
198.52.200.39,443,10.0.2.15,55139,6,14995844,846,481,365,21502.424271684875,56.41563089079881,17746.560946745536,21433.027201417903,126429.0,14.0,31241.341666666645,24292.852870088776,126606.0,14.0,41193.994505494535,28009.371131346805,126594.0,221.0,0,0,0,0,0,0,0,0
198.52.200.39,443,10.0.2.15,55139,6,14963705,841,478,363,21193.48115991327,56.20265836569219,17813.934523809534,22548.674335695574,131037.0,11.0,31370.450733752634,25643.950262126393,131037.0,11.0,41262.32044198897,29459.491094612305,145583.0,216.0,0,0,0,0,0,0,0,0
198.52.200.39,443,10.0.2.15,55139,6,14982977,864,487,377,21515.08341766793,57.66544258861239,17361.50289687136,21512.537949473644,116390.0,15.0,30829.170781893004,25309.572884045967,116611.0,26.0,39806.436170212764,28674.06540740107,116623.0,64.0,0,0,0,0,0,0,0,0
198.52.200.39,443,10.0.2.15,55139,6,14973928,844,475,369,21154.369114102858,56.36463591917899,17762.666666666657,22150.496262364908,120398.0,13.0,31590.56540084385,25596.08373034454,120678.0,23.0,40521.61413043483,29506.28601836044,132586.0,282.0,0,0,0,0,0,0,0,0
198.52.200.39,443,10.0.2.15,55139,6,14953882,837,471,366,21268.39037515476,55.97208805044737,17887.41866028711,21968.47186249003,109987.0,18.0,31816.770212765958,25229.748502836526,110155.0,29.0,40903.5863013699,29096.79017938607,120580.0,571.0,0,0,0,0,0,0,0,0
10.0.2.15,57397,148.251.190.229,9010,6,10000443,6,3,3,162.89278384967545,0.5999734211774418,2000088.6,3896735.0626071948,8920445.0,46.0,5000112.0,5544188.097618802,8920445.0,1079779.0,5000172.0,5544478.011399089,8920710.0,1079634.0,72.5,37.476659402887016,99.0,46.0,5000039.5,5544290.628102075,8920445.0,1079634.0
10.0.2.15,57397,148.251.190.229,9010,6,241,2,2,0,0.0,8298.755186721992,241.0,0.0,241.0,241.0,241.0,0.0,241.0,241.0,0,0,0,0,0,0,0,0,0,0,0,0
10.0.2.15,38768,5.9.123.81,9001,6,10042480,6,4,2,162.21092797794967,0.5974619815025771,2008496.0,4467253.952939938,9999696.0,48.0,3347413.6666666665,5761224.588025217,9999858.0,48.0,9999935.0,0.0,9999935.0,9999935.0,42545.0,0.0,42545.0,42545.0,9999696.0,0.0,9999696.0,9999696.0
10.0.2.15,38768,5.9.123.81,9001,6,161,2,2,0,0.0,12422.360248447205,161.0,0.0,161.0,161.0,161.0,0.0,161.0,161.0,0,0,0,0,0,0,0,0,0,0,0,0
198.52.200.39,443,10.0.2.15,55139,6,14975116,854,482,372,21591.151614451603,57.02793888207611,17555.82180539272,22210.42456801949,107077.0,15.0,31133.29729729729,25468.335210466357,107234.0,15.0,40234.61185983827,28966.843804136886,120959.0,415.0,0,0,0,0,0,0,0,0
198.52.200.39,443,10.0.2.15,55139,6,14995083,824,468,356,20966.13936715122,54.95134638467823,18220.02794653709,21877.671595339514,145116.0,14.0,32109.385438972153,24597.912426629093,145379.0,22.0,42083.591549295765,28020.9696241463,145281.0,335.0,0,0,0,0,0,0,0,0
198.52.200.39,443,10.0.2.15,55139,6,14997448,867,492,375,21749.70034901938,57.80983537999265,17318.069284064648,22299.529022109673,119833.0,0.0,30544.70061099796,26187.999652239447,133124.0,0.0,39830.29946524064,28481.786861271263,133592.0,51.0,0,0,0,0,0,0,0,0
198.52.200.39,443,10.0.2.15,55139,6,14993462,809,454,355,20012.656183074996,53.95685132626475,18556.26485148516,22757.944493199324,121657.0,11.0,33098.15011037526,26764.032662886824,121892.0,11.0,42340.70903954803,28694.80043467672,121864.0,52.0,0,0,0,0,0,0,0,0
198.52.200.39,443,10.0.2.15,55139,6,14957003,830,474,356,21418.92998216287,55.49240044947507,18042.22316043426,22521.04143439,136729.0,18.0,31620.83720930229,25213.41232992436,136982.0,29.0,42030.726760563346,29040.786401066358,136974.0,269.0,0,0,0,0,0,0,0,0
198.52.200.39,443,10.0.2.15,55139,6,14996912,823,467,356,20609.242756108724,54.87796421023208,18244.418491484186,22916.85436869456,115898.0,26.0,32182.21459227466,25969.68862456915,116114.0,26.0,42236.36056338032,28895.19445657333,125670.0,406.0,0,0,0,0,0,0,0,0
198.52.200.39,443,10.0.2.15,55139,6,14975771,797,447,350,19451.486003625458,53.219296689299,18813.7826633166,22734.786985138515,121182.0,17.0,33577.961883408054,26356.754062410815,121403.0,25.0,42847.988538681944,28528.773690661365,121406.0,73.0,0,0,0,0,0,0,0,0
198.52.200.39,443,10.0.2.15,55139,6,14977676,899,501,398,20916.06201122257,60.02266306201309,16678.92650334077,22074.177867734914,119694.0,14.0,29955.351999999966,25639.972162720966,119924.0,40.0,37513.153652392946,27607.749318687736,119869.0,360.0,0,0,0,0,0,0,0,0
198.52.200.39,443,10.0.2.15,55139,6,14989216,1018,579,439,23979.17275993621,67.9154933787064,14738.658800393325,19061.90159320467,121484.0,15.0,25932.899653979228,21524.2917821876,121704.0,15.0,34150.78082191782,24028.515329984337,121504.0,282.0,0,0,0,0,0,0,0,0
198.52.200.39,443,10.0.2.15,55139,6,5293566,390,219,171,26457.96803137998,73.67434353326283,13608.138817480716,22278.530313837975,236681.0,8.0,24282.15137614678,28630.260606343036,273137.0,8.0,30966.71764705882,29516.73091058046,236741.0,68.0,0,0,0,0,0,0,0,0
